{
    "accuracy": 0.69,
    "precision": 0.6481481481481481,
    "recall": 0.7446808510638298,
    "auc": 0.7266158169409874
}